Caminho_original;Caminho_no_pacote;Bytes;Modificado_UTC;SHA256
C:\Users\Skydrones\Documents\Codex\2026-10-03\pro\outputs\EC01_KiCad_REV0_2\EC01_BOM_preliminar.csv;outputs/EC01_KiCad_REV0_2/EC01_BOM_preliminar.csv;6227;2026-10-03T21:45:38.501536+00:00;1d71410904eee26f141918d1c1d4ce6c81a2574a42c6a1f72a7e78c7b8cf19da
C:\Users\Skydrones\Documents\Codex\2026-10-03\pro\outputs\EC01_KiCad_REV0_2\EC01_conexoes.json;outputs/EC01_KiCad_REV0_2/EC01_conexoes.json;40317;2026-10-04T16:44:44.262706+00:00;5edd7a4e1a630bf17dc9179fa720adaf905e8972c20f4e12b8cbc7b2342948ff
C:\Users\Skydrones\Documents\Codex\2026-10-03\pro\outputs\EC01_KiCad_REV0_2\EC01_ERC.json;outputs/EC01_KiCad_REV0_2/EC01_ERC.json;2451;2026-10-04T16:44:44.797661+00:00;163034fb055c3a0a98311d268a9a9c6f0f45694cfc3a40c8c3eb724819e810c4
C:\Users\Skydrones\Documents\Codex\2026-10-03\pro\outputs\EC01_KiCad_REV0_2\EC01_Esquematico.pdf;outputs/EC01_KiCad_REV0_2/EC01_Esquematico.pdf;412402;2026-10-04T16:42:43.505664+00:00;bc392dda43f0832b1e1d65967d0dfe35aa88f9868469733f39733ba836425ffd
C:\Users\Skydrones\Documents\Codex\2026-10-03\pro\outputs\EC01_KiCad_REV0_2\EC01_lista_de_redes.csv;outputs/EC01_KiCad_REV0_2/EC01_lista_de_redes.csv;5329;2026-10-03T21:45:38.501536+00:00;9488c107f9d87390fdf28a320023e667ac020573e7a412177b1894847c616bd7
C:\Users\Skydrones\Documents\Codex\2026-10-03\pro\outputs\EC01_KiCad_REV0_2\EC01_netlist.xml;outputs/EC01_KiCad_REV0_2/EC01_netlist.xml;197974;2026-10-04T16:42:43.840597+00:00;f89a259fd90521b2df62aa4776dbcf71450bbd7ba0ef2a11b3ee7a2007b1c2a4
C:\Users\Skydrones\Documents\Codex\2026-10-03\pro\outputs\EC01_KiCad_REV0_2\KiCad\Alimentacao.kicad_sch;outputs/EC01_KiCad_REV0_2/KiCad/Alimentacao.kicad_sch;66793;2026-10-04T16:44:44.253344+00:00;d381654817e19a9369399bb802fd1b7f2da86283b7caac94620c5bb747cdf75f
C:\Users\Skydrones\Documents\Codex\2026-10-03\pro\outputs\EC01_KiCad_REV0_2\KiCad\BLE_e_cristal.kicad_sch;outputs/EC01_KiCad_REV0_2/KiCad/BLE_e_cristal.kicad_sch;31549;2026-10-04T16:44:44.253344+00:00;887bdc7a4172c95424042f33e319cd74d45d7556296b387cf024db2f00adc2d3
C:\Users\Skydrones\Documents\Codex\2026-10-03\pro\outputs\EC01_KiCad_REV0_2\KiCad\EC01.kicad_prl;outputs/EC01_KiCad_REV0_2/KiCad/EC01.kicad_prl;2291;2026-10-04T16:40:46.843882+00:00;507d8a2dae79c05b4e7523d4bdd6cacd7eddb299bcdd505ed4ab2f9530129ce1
C:\Users\Skydrones\Documents\Codex\2026-10-03\pro\outputs\EC01_KiCad_REV0_2\KiCad\EC01.kicad_pro;outputs/EC01_KiCad_REV0_2/KiCad/EC01.kicad_pro;75;2026-10-04T16:44:44.262706+00:00;f99f65656541ddf1eaf324bb9d626e4ccfc56bc02b6e9c98925d4bb6b3a49e14
C:\Users\Skydrones\Documents\Codex\2026-10-03\pro\outputs\EC01_KiCad_REV0_2\KiCad\EC01.kicad_sch;outputs/EC01_KiCad_REV0_2/KiCad/EC01.kicad_sch;5045;2026-10-04T16:44:44.262706+00:00;8e36904fb553e8a56f4e1073ee23e97550c557266a5b7d6d0323012b686191c4
C:\Users\Skydrones\Documents\Codex\2026-10-03\pro\outputs\EC01_KiCad_REV0_2\KiCad\EC01.kicad_sym;outputs/EC01_KiCad_REV0_2/KiCad/EC01.kicad_sym;117136;2026-10-04T16:44:44.262706+00:00;02798e1af05babe3fdcec30fcb679b81073ced940f90b3df7425871b810f66a9
C:\Users\Skydrones\Documents\Codex\2026-10-03\pro\outputs\EC01_KiCad_REV0_2\KiCad\ESP32.kicad_sch;outputs/EC01_KiCad_REV0_2/KiCad/ESP32.kicad_sch;78906;2026-10-04T16:44:44.253344+00:00;5c5f2d11d1a05b1bd3b4388c64eff71a5fcdcdb1bc9e0be9121874d32c427ac1
C:\Users\Skydrones\Documents\Codex\2026-10-03\pro\outputs\EC01_KiCad_REV0_2\KiCad\Expansao_e_display.kicad_sch;outputs/EC01_KiCad_REV0_2/KiCad/Expansao_e_display.kicad_sch;58487;2026-10-04T16:44:44.262706+00:00;a2835329d2ead3a0eb79091a98403109d08f380de99e9b591e34ba43ea10038d
C:\Users\Skydrones\Documents\Codex\2026-10-03\pro\outputs\EC01_KiCad_REV0_2\KiCad\LoRa.kicad_sch;outputs/EC01_KiCad_REV0_2/KiCad/LoRa.kicad_sch;41446;2026-10-04T16:44:44.253344+00:00;98f8c34867c3a82213841dda99398cfd9f18044717e0594c0326d29b7b67a113
C:\Users\Skydrones\Documents\Codex\2026-10-03\pro\outputs\EC01_KiCad_REV0_2\KiCad\Sensores_e_CAN.kicad_sch;outputs/EC01_KiCad_REV0_2/KiCad/Sensores_e_CAN.kicad_sch;81372;2026-10-04T16:44:44.262706+00:00;04e3c856d4285219ffc1cecc0c73365d983972166bc0d82e6a45a1777b61e91d
C:\Users\Skydrones\Documents\Codex\2026-10-03\pro\outputs\EC01_KiCad_REV0_2\KiCad\sym-lib-table;outputs/EC01_KiCad_REV0_2/KiCad/sym-lib-table;189;2026-10-04T16:44:44.262706+00:00;8f2bd345441ca8e0d47e8b0563256a24f5da8d4b681871ce72162678f08f74cf
C:\Users\Skydrones\Documents\Codex\2026-10-03\pro\outputs\EC01_KiCad_REV0_2\KiCad\USB_servico.kicad_sch;outputs/EC01_KiCad_REV0_2/KiCad/USB_servico.kicad_sch;15333;2026-10-04T16:44:44.262706+00:00;9179a3700595b10a1bd420f30ee4e8813f649ae7a7498c49c3ba651fa897e6b1
C:\Users\Skydrones\Documents\Codex\2026-10-03\pro\outputs\EC01_ESQUEMATICO_REV0_1\EC01_BOM_preliminar.csv;outputs/EC01_ESQUEMATICO_REV0_1/EC01_BOM_preliminar.csv;6227;2026-10-03T21:45:38.501536+00:00;1d71410904eee26f141918d1c1d4ce6c81a2574a42c6a1f72a7e78c7b8cf19da
C:\Users\Skydrones\Documents\Codex\2026-10-03\pro\outputs\EC01_ESQUEMATICO_REV0_1\EC01_conexoes.json;outputs/EC01_ESQUEMATICO_REV0_1/EC01_conexoes.json;40337;2026-10-03T21:45:38.501536+00:00;159f4e3a1a650e180e29d988b3e9dbabb740cf10b77efa8e7ffadaae374ce4b1
C:\Users\Skydrones\Documents\Codex\2026-10-03\pro\outputs\EC01_ESQUEMATICO_REV0_1\EC01_esquematico_easyeda.json;outputs/EC01_ESQUEMATICO_REV0_1/EC01_esquematico_easyeda.json;109109;2026-10-03T21:45:38.501536+00:00;aafec7de9f1214e5326a53899f0f7b14bb87e06cab9034e0b131f1a8a80e4275
C:\Users\Skydrones\Documents\Codex\2026-10-03\pro\outputs\EC01_ESQUEMATICO_REV0_1\EC01_folha_01.svg;outputs/EC01_ESQUEMATICO_REV0_1/EC01_folha_01.svg;22686;2026-10-03T21:45:38.501536+00:00;8af4779106c82786056276ebf134fd6f4914b90cd0281f4a3eb3524cf752ed95
C:\Users\Skydrones\Documents\Codex\2026-10-03\pro\outputs\EC01_ESQUEMATICO_REV0_1\EC01_folha_02.svg;outputs/EC01_ESQUEMATICO_REV0_1/EC01_folha_02.svg;30842;2026-10-03T21:45:38.501536+00:00;e820f43a42c1aa7d5553e6f8268b2fac62d4b3119dc7f3d9c3b7552362ebf837
C:\Users\Skydrones\Documents\Codex\2026-10-03\pro\outputs\EC01_ESQUEMATICO_REV0_1\EC01_folha_03.svg;outputs/EC01_ESQUEMATICO_REV0_1/EC01_folha_03.svg;10691;2026-10-03T21:45:38.501536+00:00;eb1472785c47347cea095aa5d2d953731d7e14f80913414eb96c44ff9a8fc377
C:\Users\Skydrones\Documents\Codex\2026-10-03\pro\outputs\EC01_ESQUEMATICO_REV0_1\EC01_folha_04.svg;outputs/EC01_ESQUEMATICO_REV0_1/EC01_folha_04.svg;17814;2026-10-03T21:45:38.501536+00:00;c8a994f140c5a769b73042dc8c47d9e4f3356dc8107678d0a31f286e2c1a06e1
C:\Users\Skydrones\Documents\Codex\2026-10-03\pro\outputs\EC01_ESQUEMATICO_REV0_1\EC01_folha_05.svg;outputs/EC01_ESQUEMATICO_REV0_1/EC01_folha_05.svg;24533;2026-10-03T21:45:38.501536+00:00;4833a8f1c3fd8ef593c661935cedb5643fb374d749c4e10ada16a8a87294bde7
C:\Users\Skydrones\Documents\Codex\2026-10-03\pro\outputs\EC01_ESQUEMATICO_REV0_1\EC01_folha_06.svg;outputs/EC01_ESQUEMATICO_REV0_1/EC01_folha_06.svg;33685;2026-10-03T21:45:38.501536+00:00;67e339a1dd9be572409ba953eca54f27e9538fcf0b712cbb8578d623d48b2f20
C:\Users\Skydrones\Documents\Codex\2026-10-03\pro\outputs\EC01_ESQUEMATICO_REV0_1\EC01_folha_07.svg;outputs/EC01_ESQUEMATICO_REV0_1/EC01_folha_07.svg;6651;2026-10-03T21:45:38.509275+00:00;5938eb86782a491d9091f0dafb0336dca77b0f5898a5d22b398842cbb6839830
C:\Users\Skydrones\Documents\Codex\2026-10-03\pro\outputs\EC01_ESQUEMATICO_REV0_1\EC01_lista_de_redes.csv;outputs/EC01_ESQUEMATICO_REV0_1/EC01_lista_de_redes.csv;5329;2026-10-03T21:45:38.501536+00:00;9488c107f9d87390fdf28a320023e667ac020573e7a412177b1894847c616bd7
C:\Users\Skydrones\Documents\Codex\2026-10-03\pro\outputs\EC01_ESQUEMATICO_REV0_1\EC01_verificacao.json;outputs/EC01_ESQUEMATICO_REV0_1/EC01_verificacao.json;651;2026-10-03T21:45:38.509275+00:00;ccaeceff139ea9b597c96159031000336305dca02b8e7ac6f5bac38740ca7b96
C:\Users\Skydrones\Documents\Codex\2026-10-03\pro\work\build_ec01.py;work/build_ec01.py;30271;2026-10-03T21:45:36.870470+00:00;ae432b05b09440181be3e689cf3f5df2d4924076563848f73e7ebbb6efee3329
C:\Users\Skydrones\Documents\Codex\2026-10-03\pro\work\build_kicad.py;work/build_kicad.py;13023;2026-10-04T16:44:43.221076+00:00;0c0a9dcb3827e0230a5090b8863f06a91667b1047cc2d754f7962e892074ac63
C:\Users\Skydrones\Documents\Codex\2026-10-03\pro\work\can.pdf;work/can.pdf;1718520;2026-10-03T21:16:19.489557+00:00;bb89f067e6a7902867bf6b82eaab762167f403ae8464a29ec4f318ab0c71628f
C:\Users\Skydrones\Documents\Codex\2026-10-03\pro\work\can.txt;work/can.txt;92903;2026-10-03T21:16:57.907868+00:00;fb8376b90fb8431ceeb3fa34818bc36ff0aee18b5b8033fa66a1f4207ca3c5aa
C:\Users\Skydrones\Documents\Codex\2026-10-03\pro\work\E22-900M22S(1).png;work/E22-900M22S(1).png;1255303;2026-10-03T21:19:40.982727+00:00;2fa34c2ea805b29ea589274ca1bf880cca9af65bd6db3a2b781bfa80b1bc34d7
C:\Users\Skydrones\Documents\Codex\2026-10-03\pro\work\E22-900M22S_Size.jpg;work/E22-900M22S_Size.jpg;75623;2026-10-03T21:19:40.982727+00:00;a7f79ea000498b8d380e4d8446acd99b6adb89f0ad8c00965a9f64ca60c41007
C:\Users\Skydrones\Documents\Codex\2026-10-03\pro\work\eb;work/eb;119997;2026-10-03T21:16:21.374994+00:00;d2df9f2d02f70f23dbaff0eccc430c84bcd7cb74dbf62dc846535ca5c988318d
C:\Users\Skydrones\Documents\Codex\2026-10-03\pro\work\eb.txt;work/eb.txt;44157;2026-10-03T21:16:21.604024+00:00;ea56b0ad811d82036e6e7acba8ca419b114f8ccdd9efc3b55cb21cdf0298bb7d
C:\Users\Skydrones\Documents\Codex\2026-10-03\pro\work\ebyte-drawing.png;work/ebyte-drawing.png;270106;2026-10-03T21:20:02.473496+00:00;392034c930839adf6251ba7dd3352d30489e7a0a094894cdf2ef59bbdcc5a938
C:\Users\Skydrones\Documents\Codex\2026-10-03\pro\work\ebyte-pcb.zip;work/ebyte-pcb.zip;4901463;2026-10-03T21:18:38.551645+00:00;d789503e2bd19fb2adaddfe2f3a48b37dc18157445ecf805d871a717a9e78382
C:\Users\Skydrones\Documents\Codex\2026-10-03\pro\work\ebyte.pdf;work/ebyte.pdf;1877410;2026-10-03T21:16:53.057954+00:00;2a330a5ccd7b139aba2268350c5e7fbd74f9caa87edebdc1cd16be208c37ea83
C:\Users\Skydrones\Documents\Codex\2026-10-03\pro\work\ebyte.txt;work/ebyte.txt;35758;2026-10-03T21:16:58.932154+00:00;2fd64bbe921d97c90d973d45a4770164a312342e984e2058ddc581f263a9bc39
C:\Users\Skydrones\Documents\Codex\2026-10-03\pro\work\erc.json;work/erc.json;4461;2026-10-04T16:40:47.861882+00:00;b2dbfbb9953b844bdb3fb4a578fc9af445885a5225fa35372a5b3cc721815304
C:\Users\Skydrones\Documents\Codex\2026-10-03\pro\work\esp-drawing.png;work/esp-drawing.png;174379;2026-10-03T21:20:02.329465+00:00;1988fc23806c6c38a86cdfe9b60c37978680b6e1ee4ca2a2c07b733c55177127
C:\Users\Skydrones\Documents\Codex\2026-10-03\pro\work\esp.pdf;work/esp.pdf;900158;2026-10-03T21:16:21.576891+00:00;833fc000b4b3c3d39c496fcbd597fed5806956503ce7390b19cc8ae82f19f968
C:\Users\Skydrones\Documents\Codex\2026-10-03\pro\work\esp.txt;work/esp.txt;118344;2026-10-03T21:17:01.541006+00:00;3d7c332a1cc55118ed5bc1b146077ec8c719b05a69d231778f1a8a9ef3b5a7e3
C:\Users\Skydrones\Documents\Codex\2026-10-03\pro\work\format;work/format;75193;2026-10-03T21:16:21.138596+00:00;16339ce713b706ca81d873df2248dce1cb41d372f1bc68249d7248e80e2f2fe7
C:\Users\Skydrones\Documents\Codex\2026-10-03\pro\work\format-read.txt;work/format-read.txt;30790;2026-10-03T21:18:32.715162+00:00;1e17b7bfe2502e98e2d9b8e7a9cc2fba3ea71aae92f6e2ac18e3446b4c5f37b0
C:\Users\Skydrones\Documents\Codex\2026-10-03\pro\work\format.txt;work/format.txt;28604;2026-10-03T21:16:21.592957+00:00;870cbcfe9c28c144fce4008c520c09f492276fe426dcec97316d28881ab0eea6
C:\Users\Skydrones\Documents\Codex\2026-10-03\pro\work\io.pdf;work/io.pdf;1488980;2026-10-03T21:16:19.429077+00:00;7665c28e7c8b825c8d00070542252a42c963fb12c729724444d6a820761eaac2
C:\Users\Skydrones\Documents\Codex\2026-10-03\pro\work\io.txt;work/io.txt;74566;2026-10-03T21:17:03.601393+00:00;182afd3aaabdd1985c6bb02271437bac0096ac175e37a0293be9086f727fadd7
C:\Users\Skydrones\Documents\Codex\2026-10-03\pro\work\pcbex;work/pcbex;4615;2026-10-03T21:16:19.120930+00:00;c1a1b311a5a361436fc977f69f65453f4f786c5014327ffd58f8df086ad62bda
C:\Users\Skydrones\Documents\Codex\2026-10-03\pro\work\pspice_vendor\SLVMCX1.zip;work/pspice_vendor/SLVMCX1.zip;51945;2026-10-03T21:33:05.345048+00:00;19e0bd80a35629f3084746796a51c4724346337077cb54aa96f6012190b0c8e6
C:\Users\Skydrones\Documents\Codex\2026-10-03\pro\work\pspice_vendor\SLVMCX1B\TPS63802_PSPICE_TRANS\TPS63802_TRANS-PSpiceFiles\STARTUP\tran\tran.mrk;work/pspice_vendor/SLVMCX1B/TPS63802_PSPICE_TRANS/TPS63802_TRANS-PSpiceFiles/STARTUP/tran/tran.mrk;1499;2026-10-03T21:33:05.355841+00:00;f1c57b2347669b81da43205ba61db6b2555da26b3307e6c3d4e4237d5ef78021
C:\Users\Skydrones\Documents\Codex\2026-10-03\pro\work\pspice_vendor\SLVMCX1B\TPS63802_PSPICE_TRANS\TPS63802_TRANS-PSpiceFiles\STARTUP\tran\tran.prb;work/pspice_vendor/SLVMCX1B/TPS63802_PSPICE_TRANS/TPS63802_TRANS-PSpiceFiles/STARTUP/tran/tran.prb;3224;2026-10-03T21:33:05.361648+00:00;e0811f5e7475c391eb1840a4b43ba2408b5ba89c84ae365c0f664ffb36bf9d7a
C:\Users\Skydrones\Documents\Codex\2026-10-03\pro\work\pspice_vendor\SLVMCX1B\TPS63802_PSPICE_TRANS\TPS63802_TRANS-PSpiceFiles\STARTUP\tran.sim;work/pspice_vendor/SLVMCX1B/TPS63802_PSPICE_TRANS/TPS63802_TRANS-PSpiceFiles/STARTUP/tran.sim;1668;2026-10-03T21:33:05.355841+00:00;8e231eff1ef0181321dca751e48346de4c1c2ce884253cde3f45425a555c6fab
C:\Users\Skydrones\Documents\Codex\2026-10-03\pro\work\pspice_vendor\SLVMCX1B\TPS63802_PSPICE_TRANS\TPS63802_TRANS.DSN;work/pspice_vendor/SLVMCX1B/TPS63802_PSPICE_TRANS/TPS63802_TRANS.DSN;3382272;2026-10-03T21:33:05.373775+00:00;19d3a1ad3adf1f164fec73c6012700a6d39ac33b1b80c9592415406760e6d374
C:\Users\Skydrones\Documents\Codex\2026-10-03\pro\work\pspice_vendor\SLVMCX1B\TPS63802_PSPICE_TRANS\TPS63802_TRANS.LIB;work/pspice_vendor/SLVMCX1B/TPS63802_PSPICE_TRANS/TPS63802_TRANS.LIB;49556;2026-10-03T21:33:05.378049+00:00;7167f36c58e5e0281d2fdbee8a9cdca42c603d8a595788792351655a9351499e
C:\Users\Skydrones\Documents\Codex\2026-10-03\pro\work\pspice_vendor\SLVMCX1B\TPS63802_PSPICE_TRANS\TPS63802_TRANS.OPJ;work/pspice_vendor/SLVMCX1B/TPS63802_PSPICE_TRANS/TPS63802_TRANS.OPJ;2171;2026-10-03T21:33:05.378049+00:00;5903e79ed1277d568e0250ed69e5b541e8bdbc85a753ab932157216c94de76d1
C:\Users\Skydrones\Documents\Codex\2026-10-03\pro\work\pspice_vendor\SLVMCX1B\TPS63802_PSPICE_TRANS\TPS63802DLA_TRANS.OLB;work/pspice_vendor/SLVMCX1B/TPS63802_PSPICE_TRANS/TPS63802DLA_TRANS.OLB;9216;2026-10-03T21:33:05.345048+00:00;33a5fb65a4e5a463743b159f739ea61be4857817a50b70ba11b88f3a096330b2
C:\Users\Skydrones\Documents\Codex\2026-10-03\pro\work\psu-drawing.png;work/psu-drawing.png;114986;2026-10-03T21:20:02.401156+00:00;b679217ef6a52c955da50c14d1437fa57c88463ef510f0e180aee8cb7a3ddcc8
C:\Users\Skydrones\Documents\Codex\2026-10-03\pro\work\psu-land.png;work/psu-land.png;135103;2026-10-03T21:22:34.176251+00:00;cafc5053cbbdc5e6b80e5ccb17af61ea64b8710fa94101af6a57f671156c383f
C:\Users\Skydrones\Documents\Codex\2026-10-03\pro\work\psu.pdf;work/psu.pdf;2466159;2026-10-03T21:16:19.525926+00:00;be07deca1231c5493957bc64c2dc1cad5543bff330e49ae41caf3286fd80dca6
C:\Users\Skydrones\Documents\Codex\2026-10-03\pro\work\psu.txt;work/psu.txt;64878;2026-10-03T21:17:05.451765+00:00;89dcd78c10cca603d69e88ce460a28886b8f710c80e5fb0fbfc5a3cde745e884
C:\Users\Skydrones\Documents\Codex\2026-10-03\pro\work\schex;work/schex;3451;2026-10-03T21:16:19.133803+00:00;0f079305143822634eec88e5211cd601dfa3a254b5133c7019c5b11cfa623148
C:\Users\Skydrones\Documents\Codex\2026-10-03\pro\work\spec.txt;work/spec.txt;6774;2026-10-03T21:12:21.970790+00:00;36ebe8b701a12b84d6067d5b534d1d50ac42ec4a48fc935cb146d8a75550bea1
C:\Users\Skydrones\Documents\Codex\2026-10-03\pro\work\tps63802-page.html;work/tps63802-page.html;333024;2026-10-03T21:32:24.182682+00:00;d684ebe33845214252531adf7fae1c5a11ae5aad4c4b94d185eb6e7cadecdf80
C:\Users\Skydrones\Downloads\EC01 - Sensor Universal — Especificação de Projeto.docx;referencias/EC01 - Sensor Universal — Especificação de Projeto.docx;7955;2026-10-03T21:09:47.598475+00:00;ebc3dd7c1b21f3535446afa5ff370a679ff9cb8b3b6c2e13fcf48eaa4beb8dc6
