Referencia;Valor;Montagem_base;Footprint;Encapsulamento_proposto;Observacao
ANT1;Antena impressa BLE 2.4GHz;SIM;;PENDENTE_ANTENA;"Representacao funcional de IFA impressa; geometria, feed e short dependem da PCB e carcaca futuras."
BT1;BH-18650-A1AJ005;SIM;;PENDENTE_BH18650;"Celula 18650 1S protegida, removivel; confirmar comprimento e compatibilidade com suporte antes de escolher MPN final."
C1;10uF 10V X5R;SIM;;0805;
C2;100nF 16V X7R;SIM;;0603;
C3;22uF 10V X5R;SIM;;0805;
C4;22uF 10V X5R;SIM;;0805;
C5;100nF;SIM;;0603;
C6;10uF;SIM;;0603;
C7;100nF;SIM;;0603;
C8;100nF;SIM;;0603;
C9;100nF;SIM;;0603;
C10;1uF;SIM;;0603;
C11;1uF;SIM;;0603;
C12;100nF;SIM;;0603;
C13;1uF;SIM;;0603;
C14;10pF C0G;SIM;;0402;
C15;10pF C0G;SIM;;0402;
C16;1.5pF C0G TUNE;SIM;;0201;"Casamento inicial; exige ajuste VNA e emissao harmonica."
C17;1.5pF C0G TUNE;SIM;;0201;
C18;TUNE DNP;NAO;;0201;
C19;TUNE DNP;NAO;;0201;
C20;22uF 10V;SIM;;0805;
C21;100nF;SIM;;0603;
C22;100nF;SIM;;0603;
C23;10uF;SIM;;0805;
C24;100nF;NAO;;0603;
D1;LED verde;SIM;;0603;"Acende com P2 baixo; manter apagado entre pulsos."
D2;TVS CAN 2 canais TBD;NAO;;TVS_CAN_A_DEFINIR;"Protecao ainda a selecionar conforme limites absolutos TCAN330 e ensaio requerido. Numeracao logica; nao e MPN nem footprint liberado."
D3;TVS CAN 2 canais TBD;NAO;;TVS_CAN_A_DEFINIR;"Protecao ainda a selecionar conforme limites absolutos TCAN330 e ensaio requerido. Numeracao logica; nao e MPN nem footprint liberado."
F1;Fusivel 1A lento;SIM;;1206;Selecionar MPN e curva I2t antes de liberar BOM.
F2;PTC Ihold 100mA;SIM;;1206;"Limite de projeto 100mA TOTAL; escolher curva R/frio, disparo e derating do componente real."
J1;U.FL-R-SMT-1;SIM;;UFL;"Escolher apenas J1 OU IPEX integrado no modulo. Trilha curta 50ohm, sem T aberto; layout final deve eliminar ramal nao usado."
J2;DISPLAY 8P DNP;NAO;;HDR8;"Header 2.54 mm. Interface de modulo de display 3.3V; nao aciona diretamente painel e-paper cru."
J3;SENSOR INTERNO I2C DNP;NAO;;HDR4;"Reserva para pequena placa SHT40; sensor onboard integrado ainda nao definido pelo cliente."
J4;USB SERVICE 4P;SIM;;HDR4;"Usar adaptador de servico identificado; bateria deve estar ligada. Pino4 sem cobre de alimentacao. Nao e USB-C; nao ha carregador."
JP1;TERMINACAO CAN;NAO;;HDR2;
L1;XFL4015-471MEC 0.47uH;SIM;;L4X4;"Conferir sufixo fornecido, pads e Isat; referencia TI XFL4015-471ME."
L2;FILTRO RF TBD >=500mA;SIM;;0603;"Valor 24nH removido: recomendacao de 24nH pertence ao XTAL_P. Selecionar filtro VDD3P3 com referencia e validacao de RF; valor e MPN pendentes."
L3;2.7nH TUNE;SIM;;0201;
L4;24nH TUNE;SIM;;TBD - selecionar indutor para XTAL_P;Componente serie XTAL_P, valor inicial Espressif. Validar frequencia/partida no prototipo.
Q1;AO3401A;SIM;;SOT23;PMOS de inversao: D no positivo da bateria, S na carga, G em GND.
Q2;AO3401A;SIM;;SOT23;
Q3;2N7002;SIM;;SOT23;
R1;511k 1%;SIM;;0603;
R2;91k 1%;SIM;;0603;
R3;200k 1%;SIM;;0603;
R4;100k 1%;SIM;;0603;"UVLO nominal: liga 3.30V; desliga 3.00V. Conferir tolerancias e queda da bateria."
R5;100k;SIM;;0603;
R6;100k 0.1%;SIM;;0603;
R7;100k 0.1%;SIM;;0603;
R8;10k;SIM;;0603;
R9;10k;SIM;;0603;
R10;10k;SIM;;0603;"GPIO2 e strapping; NSS alto no reset."
R11;4.7k;SIM;;0603;"Pull-up SDA interno GPIO10; nao ligado aos conectores RJ11."
R12;4.7k;SIM;;0603;"GPIO8 strapping alto no reset; SCL interno. Nao conectar escravo que mantenha SCL baixo durante boot."
R13;10k;SIM;;0603;GPIO21 pode emitir UART no boot. Display mantido em reset baixo ate inicializar o expansor.
R14;0R TUNE;SIM;;0201;
R15;0R;SIM;;0603;
R16;100k;SIM;;0603;
R17;100k;SIM;;0603;
R18;10k;SIM;;0603;
R19;22R;SIM;;0603;
R20;22R;SIM;;0603;
R21;2.2k;SIM;;0603;
R22;100k;SIM;;0603;
R23;100k;SIM;;0603;
R24;100k;SIM;;0603;
R25;100k;SIM;;0603;Mantem display em RESET durante boot.
R26;100k;SIM;;0603;
R27;100k;SIM;;0603;
R28;0R SPI;NAO;;0603;
R29;0R SPI;NAO;;0603;
R30;0R I2C;NAO;;0603;
R31;0R I2C;NAO;;0603;SPI: R28/R29. I2C: R30/R31. Nunca ambos os pares.
R32;100k;SIM;;0603;
R33;33R DIGITAL;SIM;;0603;
R34;33R DIGITAL;SIM;;0603;
R35;4.7k DIGITAL;SIM;;0603;
R36;4.7k I2C;NAO;;0603;
R37;0R CAN;NAO;;0603;
R38;0R CAN;NAO;;0603;
R39;0R CAN;NAO;;0603;
R40;0R CAN;NAO;;0603;
R41;10k CAN;NAO;;0603;
R42;120R 1% 0.25W;NAO;;1206;Somente em uma extremidade fisica do barramento.
R43;22R;SIM;;0603;
R44;22R;SIM;;0603;
RJ1;R-RJ11M04P-A002;SIM;;PENDENTE_RJ11;"Pinagem LOGICA do contrato; conferir orientacao dos contatos e pinos fisicos pelo desenho C51904501. Sem pads mecanicos inventados."
RJ2;R-RJ11M04P-A002;SIM;;PENDENTE_RJ11;"Pinagem LOGICA do contrato; conferir orientacao dos contatos e pinos fisicos pelo desenho C51904501. Sem pads mecanicos inventados."
SW1;CHAVE GERAL;SIM;;HDR2;"Header 2.54 mm para chave externa; selecionar chave >=1A DC."
SW2;RESET SPST-NO;SIM;;BOTAO_A_DEFINIR;Botao fisico momentaneo normalmente aberto. Selecionar MPN/footprint na etapa mecanica.
SW3;BOOT SPST-NO;SIM;;BOTAO_A_DEFINIR;Botao fisico momentaneo normalmente aberto. Pressionar BOOT durante RESET para ROM download.
TP1;GND;SIM;;TP;
TP2;3V3;SIM;;TP;
TP3;BAT_SW;SIM;;TP;
TP4;CHIP_EN;SIM;;TP;
TP5;PSU_PG;SIM;;TP;
TP6;LORA_BUSY;SIM;;TP;
U1;TPS63802DLAR;SIM;;DLA10;
U2;ESP32-C3FH4;SIM;;QFN32_5X5_EP3_7;"GPIO12-17 reservados a flash; GPIO11/VDD_SPI alimenta flash. Nenhum deles e GPIO de aplicacao."
U3;E22-900M22S SX1262;SIM;;E22_900M22S;"Sempre populado. Confirmar revisao fisica; p12=GND, p15=NRST no manual 2026. DIO3 interno: TCXO 2.2V."
U4;TCA9534APWR;SIM;;TSSOP16;"Endereco 7-bit 0x38. Portas inicializam entradas; escrever latch antes do registro de direcao."
U5;TCAN330DR;NAO;;SOIC8;"Opcao CAN comum aos dois RJ11; um transceiver pois o ESP32-C3 tem um controlador TWAI. CAN classico, nao CAN FD."
U6;USBLC6-2SC6 DIGITAL;SIM;;SOT23_6;"Protecao DIGITAL; remover na variante CAN. Validar ESD do conjunto com cabo real."
U7;USBLC6-2SC6 DIGITAL;SIM;;SOT23_6;"Protecao DIGITAL; remover na variante CAN. Validar ESD do conjunto com cabo real."
U8;USBLC6-2SC6;SIM;;SOT23_6;"Desenhar par diferencial 90ohm; alimentacao local 3.3V. Header de bancada, sem declaracao de conformidade USB de produto."
Y1;40MHz CL=8pF <=10ppm;SIM;;XTAL3225;"MPN a selecionar. 10pF iniciais presumem Cparasita ~3pF; verificar ESR, drive e tolerancia total."
