Referencia;Pino;Nome_pino;Rede
ANT1;1;FEED;Net-(ANT1-FEED)
ANT1;2;SHORT_GND;GND
BT1;1;+;Net-(BT1-+)
BT1;2;-;GND
C1;1;1;BAT_SW
C1;2;2;GND
C2;1;1;BAT_SW
C2;2;2;GND
C3;1;1;3V3
C3;2;2;GND
C4;1;1;3V3
C4;2;2;GND
C5;1;1;BAT_ADC
C5;2;2;GND
C6;1;1;3V3_RF
C6;2;2;GND
C7;1;1;3V3_RF
C7;2;2;GND
C8;1;1;3V3
C8;2;2;GND
C9;1;1;3V3
C9;2;2;GND
C10;1;1;VDD_SPI
C10;2;2;GND
C11;1;1;3V3
C11;2;2;GND
C12;1;1;3V3
C12;2;2;GND
C13;1;1;CHIP_EN
C13;2;2;GND
C14;1;1;Net-(Y1-X1)
C14;2;2;GND
C15;1;1;XTAL_N
C15;2;2;GND
C16;1;1;BLE_CHIP
C16;2;2;GND
C17;1;1;Net-(C17-Pad1)
C17;2;2;GND
C18;1;1;Net-(C17-Pad1)
C18;2;2;GND
C19;1;1;Net-(ANT1-FEED)
C19;2;2;GND
C20;1;1;3V3
C20;2;2;GND
C21;1;1;3V3
C21;2;2;GND
C22;1;1;3V3
C22;2;2;GND
C23;1;1;/06 - Sensores externos e CAN/VEXT
C23;2;2;GND
C24;1;1;3V3
C24;2;2;GND
D1;1;A;Net-(D1-A)
D1;2;K;/05 - Expansao e display/LED_N
D2;1;LINE1;/06 - Sensores externos e CAN/BUS_A
D2;2;LINE2;/06 - Sensores externos e CAN/BUS_B
D2;3;GND;GND
D3;1;LINE1;/06 - Sensores externos e CAN/BUS_A
D3;2;LINE2;/06 - Sensores externos e CAN/BUS_B
D3;3;GND;GND
F1;1;1;Net-(BT1-+)
F1;2;2;Net-(Q1-D)
F2;1;1;Net-(Q2-D)
F2;2;2;/06 - Sensores externos e CAN/VEXT
J1;1;RF;Net-(J1-RF)
J1;2;GND;GND
J1;3;GND;GND
J2;1;VCC;3V3
J2;2;GND;GND
J2;3;CLK;/05 - Expansao e display/DISP_CLK
J2;4;DATA;/05 - Expansao e display/DISP_DATA
J2;5;CS;DISP_CS
J2;6;DC;/05 - Expansao e display/DISP_DC
J2;7;RST;/05 - Expansao e display/DISP_RST_N
J2;8;BUSY;/05 - Expansao e display/DISP_BUSY
J3;1;3V3;3V3
J3;2;GND;GND
J3;3;SDA;I2C_INT_SDA
J3;4;SCL;I2C_INT_SCL
J4;1;GND;GND
J4;2;D-;/07 - USB de servico/USB_DM
J4;3;D+;/07 - USB de servico/USB_DP
J4;4;NC_5V_PROIBIDO;NC
JP1;1;TERM;Net-(JP1-TERM)
JP1;2;CANL;/06 - Sensores externos e CAN/CAN_L
L1;1;1;Net-(U1-L1)
L1;2;2;Net-(U1-L2)
L2;1;1;3V3
L2;2;2;3V3_RF
L3;1;1;BLE_CHIP
L3;2;2;Net-(C17-Pad1)
L4;1;1;XTAL_P
L4;2;2;Net-(Y1-X1)
Q1;1;G;GND
Q1;2;S;Net-(Q1-S)
Q1;3;D;Net-(Q1-D)
Q2;1;G;Net-(Q2-G)
Q2;2;S;3V3
Q2;3;D;Net-(Q2-D)
Q3;1;G;SENS_EN
Q3;2;S;GND
Q3;3;D;Net-(Q2-G)
R1;1;1;3V3
R1;2;2;Net-(U1-FB)
R2;1;1;Net-(U1-FB)
R2;2;2;GND
R3;1;1;BAT_SW
R3;2;2;PSU_EN
R4;1;1;PSU_EN
R4;2;2;GND
R5;1;1;3V3
R5;2;2;PSU_PG
R6;1;1;BAT_SW
R6;2;2;BAT_ADC
R7;1;1;BAT_ADC
R7;2;2;GND
R8;1;1;3V3
R8;2;2;CHIP_EN
R9;1;1;3V3
R9;2;2;BOOT_N
R10;1;1;3V3
R10;2;2;LORA_NSS
R11;1;1;3V3
R11;2;2;I2C_INT_SDA
R12;1;1;3V3
R12;2;2;I2C_INT_SCL
R13;1;1;3V3
R13;2;2;DISP_CS
R14;1;1;Net-(C17-Pad1)
R14;2;2;Net-(ANT1-FEED)
R15;1;1;Net-(U3-DIO2)
R15;2;2;Net-(U3-TXEN)
R16;1;1;Net-(U3-TXEN)
R16;2;2;GND
R17;1;1;LORA_RXEN
R17;2;2;GND
R18;1;1;3V3
R18;2;2;LORA_RST_N
R19;1;1;SPI_SCK
R19;2;2;Net-(U3-SCK)
R20;1;1;SPI_MOSI
R20;2;2;Net-(U3-MOSI)
R21;1;1;3V3
R21;2;2;Net-(D1-A)
R22;1;1;3V3
R22;2;2;/05 - Expansao e display/LED_N
R23;1;1;SENS_EN
R23;2;2;GND
R24;1;1;3V3
R24;2;2;CAN_SHDN
R25;1;1;/05 - Expansao e display/DISP_RST_N
R25;2;2;GND
R26;1;1;/05 - Expansao e display/DISP_DC
R26;2;2;GND
R27;1;1;/05 - Expansao e display/DISP_BUSY
R27;2;2;GND
R28;1;1;SPI_SCK
R28;2;2;/05 - Expansao e display/DISP_CLK
R29;1;1;SPI_MOSI
R29;2;2;/05 - Expansao e display/DISP_DATA
R30;1;1;I2C_INT_SCL
R30;2;2;/05 - Expansao e display/DISP_CLK
R31;1;1;I2C_INT_SDA
R31;2;2;/05 - Expansao e display/DISP_DATA
R32;1;1;3V3
R32;2;2;Net-(Q2-G)
R33;1;1;PORT_A_IO
R33;2;2;/06 - Sensores externos e CAN/BUS_A
R34;1;1;PORT_B_IO
R34;2;2;/06 - Sensores externos e CAN/BUS_B
R35;1;1;/06 - Sensores externos e CAN/VEXT
R35;2;2;/06 - Sensores externos e CAN/BUS_A
R36;1;1;/06 - Sensores externos e CAN/VEXT
R36;2;2;/06 - Sensores externos e CAN/BUS_B
R37;1;1;PORT_A_IO
R37;2;2;Net-(U5-TXD)
R38;1;1;Net-(U5-RXD)
R38;2;2;PORT_B_IO
R39;1;1;/06 - Sensores externos e CAN/CAN_H
R39;2;2;/06 - Sensores externos e CAN/BUS_A
R40;1;1;/06 - Sensores externos e CAN/CAN_L
R40;2;2;/06 - Sensores externos e CAN/BUS_B
R41;1;1;3V3
R41;2;2;Net-(U5-TXD)
R42;1;1;/06 - Sensores externos e CAN/CAN_H
R42;2;2;Net-(JP1-TERM)
R43;1;1;USB_DM_MCU
R43;2;2;/07 - USB de servico/USB_DM
R44;1;1;USB_DP_MCU
R44;2;2;/07 - USB de servico/USB_DP
RJ1;1;VCC;/06 - Sensores externos e CAN/VEXT
RJ1;2;GND;GND
RJ1;3;A;/06 - Sensores externos e CAN/BUS_A
RJ1;4;B;/06 - Sensores externos e CAN/BUS_B
RJ2;1;VCC;/06 - Sensores externos e CAN/VEXT
RJ2;2;GND;GND
RJ2;3;A;/06 - Sensores externos e CAN/BUS_A
RJ2;4;B;/06 - Sensores externos e CAN/BUS_B
SW1;1;IN;BAT_SW
SW1;2;OUT;Net-(Q1-S)
SW2;1;EN;CHIP_EN
SW2;2;GND;GND
SW3;1;GPIO9;BOOT_N
SW3;2;GND;GND
TP1;1;GND;GND
TP2;1;3V3;3V3
TP3;1;BAT_SW;BAT_SW
TP4;1;CHIP_EN;CHIP_EN
TP5;1;PSU_PG;PSU_PG
TP6;1;LORA_BUSY;LORA_BUSY
U1;1;EN;PSU_EN
U1;2;MODE;GND
U1;3;AGND;GND
U1;4;FB;Net-(U1-FB)
U1;5;PG;PSU_PG
U1;6;VOUT;3V3
U1;7;L2;Net-(U1-L2)
U1;8;PGND;GND
U1;9;L1;Net-(U1-L1)
U1;10;VIN;BAT_SW
U2;1;LNA_IN;BLE_CHIP
U2;2;VDD3P3;3V3_RF
U2;3;VDD3P3;3V3_RF
U2;4;GPIO0;BAT_ADC
U2;5;GPIO1;PORT_A_IO
U2;6;GPIO2;LORA_NSS
U2;7;CHIP_EN;CHIP_EN
U2;8;GPIO3;LORA_DIO1
U2;9;GPIO4;LORA_BUSY
U2;10;GPIO5;SPI_MISO
U2;11;VDD3P3_RTC;3V3
U2;12;GPIO6;SPI_SCK
U2;13;GPIO7;SPI_MOSI
U2;14;GPIO8;I2C_INT_SCL
U2;15;GPIO9;BOOT_N
U2;16;GPIO10;I2C_INT_SDA
U2;17;VDD3P3_CPU;3V3
U2;18;VDD_SPI;VDD_SPI
U2;19;SPIHD_FLASH;NC
U2;20;SPIWP_FLASH;NC
U2;21;SPICS0_FLASH;NC
U2;22;SPICLK_FLASH;NC
U2;23;SPID_FLASH;NC
U2;24;SPIQ_FLASH;NC
U2;25;GPIO18_USB_DM;USB_DM_MCU
U2;26;GPIO19_USB_DP;USB_DP_MCU
U2;27;GPIO20;PORT_B_IO
U2;28;GPIO21;DISP_CS
U2;29;XTAL_N;XTAL_N
U2;30;XTAL_P;XTAL_P
U2;31;VDDA;3V3
U2;32;VDDA;3V3
U2;33;EP_GND;GND
U3;1;GND;GND
U3;2;GND;GND
U3;3;GND;GND
U3;4;GND;GND
U3;5;GND;GND
U3;6;RXEN;LORA_RXEN
U3;7;TXEN;Net-(U3-TXEN)
U3;8;DIO2;Net-(U3-DIO2)
U3;9;VCC;3V3
U3;10;GND;GND
U3;11;GND;GND
U3;12;GND;GND
U3;13;DIO1;LORA_DIO1
U3;14;BUSY;LORA_BUSY
U3;15;NRST;LORA_RST_N
U3;16;MISO;SPI_MISO
U3;17;MOSI;Net-(U3-MOSI)
U3;18;SCK;Net-(U3-SCK)
U3;19;NSS;LORA_NSS
U3;20;GND;GND
U3;21;ANT;Net-(J1-RF)
U3;22;GND;GND
U4;1;A0;GND
U4;2;A1;GND
U4;3;A2;GND
U4;4;P0;LORA_RST_N
U4;5;P1;LORA_RXEN
U4;6;P2;/05 - Expansao e display/LED_N
U4;7;P3;/05 - Expansao e display/DISP_DC
U4;8;GND;GND
U4;9;P4;/05 - Expansao e display/DISP_RST_N
U4;10;P5;/05 - Expansao e display/DISP_BUSY
U4;11;P6;SENS_EN
U4;12;P7;CAN_SHDN
U4;13;INT;NC
U4;14;SCL;I2C_INT_SCL
U4;15;SDA;I2C_INT_SDA
U4;16;VCC;3V3
U5;1;TXD;Net-(U5-TXD)
U5;2;GND;GND
U5;3;VCC;3V3
U5;4;RXD;Net-(U5-RXD)
U5;5;SHDN;CAN_SHDN
U5;6;CANL;/06 - Sensores externos e CAN/CAN_L
U5;7;CANH;/06 - Sensores externos e CAN/CAN_H
U5;8;S;GND
U6;1;IO1;/06 - Sensores externos e CAN/BUS_A
U6;2;GND;GND
U6;3;IO2;/06 - Sensores externos e CAN/BUS_B
U6;4;IO2;/06 - Sensores externos e CAN/BUS_B
U6;5;VBUS;/06 - Sensores externos e CAN/VEXT
U6;6;IO1;/06 - Sensores externos e CAN/BUS_A
U7;1;IO1;/06 - Sensores externos e CAN/BUS_A
U7;2;GND;GND
U7;3;IO2;/06 - Sensores externos e CAN/BUS_B
U7;4;IO2;/06 - Sensores externos e CAN/BUS_B
U7;5;VBUS;/06 - Sensores externos e CAN/VEXT
U7;6;IO1;/06 - Sensores externos e CAN/BUS_A
U8;1;IO1;/07 - USB de servico/USB_DM
U8;2;GND;GND
U8;3;IO2;/07 - USB de servico/USB_DP
U8;4;IO2;/07 - USB de servico/USB_DP
U8;5;VBUS;3V3
U8;6;IO1;/07 - USB de servico/USB_DM
Y1;1;X1;Net-(Y1-X1)
Y1;2;GND;GND
Y1;3;X2;XTAL_N
Y1;4;GND;GND
